,index,id,created_at,text
0,0,7.65629939811e+17,8/16/2016 19:22:57,"It's just a 2-point race, Clinton 38%, Trump 36%' https://t.co/EzDzJ4EzIN"
1,1,7.58731880183e+17,7/28/2016 18:32:31,"""@LallyRay: Poll: Donald Trump Sees 17-Point Positive Swing in Two Weeks - Breitbart https://t.co/bVAj52fA3Y @realdonaldtrump""  Great!"
2,2,7.58350470402e+17,7/27/2016 17:16:56,"Great new poll - thank you!
#MakeAmericaGreatAgain https://t.co/mXovx0TLPC"
3,3,7.57577508347e+17,7/25/2016 14:05:27,"Great POLL numbers are coming out all over. People don't want another four years of Obama, and Crooked Hillary would be even worse. #MAGA"
4,4,7.53603401855e+17,7/14/2016 14:53:46,"Another new poll. Thank you for your support! Join the MOVEMENT today! 
#ImWithYou https://t.co/3KWOl2ibaW https://t.co/miT4atHxQz"
5,5,7.53580257895e+17,7/14/2016 13:21:48,"Great new poll- thank you America!
#Trump2016 #ImWithYou https://t.co/aVH9c5QRwc"
6,6,7.53353259411e+17,7/13/2016 22:19:48,Despite spending $500k a day on TV ads alone #CrookedHillary falls flat in nationwide @QuinnipiacPoll. Having ZERO impact. Sad!!
7,7,7.52618593197e+17,7/11/2016 21:40:30,Great poll- Florida! Thank you! https://t.co/4FuPpL5WOM
8,8,7.51889266935e+17,7/9/2016 21:22:25,"New poll - thank you! #Trump2016
https://t.co/Mi87Vmw06H https://t.co/WmqvcYG4r3"
9,9,7.48163921384e+17,6/29/2016 14:39:13,New Q poll out- we are going to win the whole deal- and MAKE AMERICA GREAT AGAIN! #Trump2016 https://t.co/dL5ahNcwZb
10,10,7.47206160806e+17,6/26/2016 23:13:25,"The ""dirty"" poll done by @ABC @washingtonpost is a disgrace. Even they admit that many more Democrats were polled. Other polls were good."
11,11,7.47190075344e+17,6/26/2016 22:09:30,"Hillary Clinton is not a change agent, just the same old status quo! She is spending a fortune, I am spending very little. Close in polls!"
12,12,7.47102432862e+17,6/26/2016 16:21:15,The @ABC poll sample is heavy on Democrats.  Very dishonest - why would they do that? Other polls good!
13,13,7.37596690258e+17,5/31/2016 10:48:49,"So many great things happening - new poll numbers looking good! News conference at 11:00 A.M. today, Trump Tower!"
14,14,7.36016335197e+17,5/27/2016 2:09:03,Poll data shows that @marcorubio does by far the best in holding onto his Senate seat in Florida. Important to keep the MAJORITY. Run Marco!
15,15,7.34405641893e+17,5/22/2016 15:28:44,RT @gatewaypundit: BREAKING POLL: Trump Gains 11 Points on Clinton Since March=&gt; Now Leads Crooked Hillary 46-44 https://t.co/y3BGy15Erb vi‚Ä¶
16,16,7.32033604709e+17,5/16/2016 2:23:06,"Great new poll- thank you!
#MakeAmericaGreatAgain #Trump2016 https://t.co/SZyZ8GkF23"
17,17,7.31501778874e+17,5/14/2016 15:09:49,Great new poll- thank you! https://t.co/ytzesbCZas
18,18,7.29771731004e+17,5/9/2016 20:35:13,RT @greta: interesting poll results so far (and go vote on https://t.co/0Zv2YvEdRX) https://t.co/BnsRf9GSxC
19,19,7.24052308662e+17,4/24/2016 1:48:17,"As soon as John Kasich is hit with negative ads, he will drop like a rock in the polls against Crooked Hillary Clinton. I will win!"
20,20,7.2201742852e+17,4/18/2016 11:02:24,Kasich only looks O.K. in polls against Hillary because nobody views him as a threat and therefore have placed ZERO negative ads against him
21,21,7.21458878622e+17,4/16/2016 22:02:55,"""@Ollie_621: @FoxNews @realDonaldTrump I think it's more like 64%. #VoteTrumpNYüóΩ #MakeAmericaGreatAgain!"
22,22,7.21450634521e+17,4/16/2016 21:30:09,"""@AshleyEdam: New CBS Poll shows defections from Cruz's core supporters &amp; increased support for @realDonaldTrump ...Not surprising."""
23,23,7.19830679765e+17,4/12/2016 10:13:02,"WOW, great new poll- New York! Thank you for your support! #Trump2016
#NewYorkValues https://t.co/kuvCXJXjcr https://t.co/WSVmdI8vfZ"
24,24,7.18993345197e+17,4/10/2016 2:45:46,"""@Theresa_Cali: Poll shows @realDonaldTrump leads among registered Republican women with 44%. üëçüèª https://t.co/yQmh3iSPBY"" Thank you!"
25,25,7.14825845505e+17,3/29/2016 14:45:37,How come the @TODAYshow &amp; @chucktodd show the new @NBCNews Poll for Hillary vs Bernie but do not show the SAME poll where I am killing Cruz?
26,26,7.13820823665e+17,3/26/2016 20:12:01,"Don't believe the @FoxNews Polls, they are just another phony hit job on me. I will beat Hillary Clinton easily in the General Election."
27,27,7.11084345357e+17,3/19/2016 6:58:13,"""@cmichaeld2004: Realistic Trump Poll Numbers translate to the 70 percentile range in a two-man race. Gee, what happened to that 30% ceiling"
28,28,7.1099568386e+17,3/19/2016 1:05:55,"I guess I have reached yet another ""ceiling""  - 49.7%, with four people. My highest Reuters poll yet! Thank you! https://t.co/k5Ft585Arp"
29,29,7.09893207845e+17,3/16/2016 0:05:04,"Can't watch Crazy Megyn anymore. Talks about me at 43% but never mentions that there are four people in race. With two people, big &amp; over!"
30,30,7.07353658884e+17,3/8/2016 23:53:48,"I hear @NBCNews / @WSJ came out with another one of their phony polls. While I am leading, they are totally discredited after last S.C. poll"
31,31,7.06808780601e+17,3/7/2016 11:48:39,"Failed presidential candidate Lindsey Graham should respect me. I destroyed his run, brought him from 7% to 0% when he got out. Now nasty!"
32,32,7.06149793698e+17,3/5/2016 16:10:05,"Why would anyone in Kentucky listen to failed presidential candidate Rand Paul re: caucus. Made a fool of himself (1%.)
KY his 2nd choice!"
33,33,7.05170546003e+17,3/2/2016 23:18:54,.@CNN poll just hit 49% for Trump. Interesting how my numbers have gone so far up since lightweight Marco Rubio has turned nasty. Love it!
34,34,7.03562075617e+17,2/27/2016 12:47:25,"""@SassyPantsjj: Michigan GOP poll 2/24/2016 Trump 35.5 Rubio 15.0 Cruz 14.3 Kasich 12.8 Carson 8.3 @realDonaldTrump"" Wow!"
35,35,7.03252552641e+17,2/26/2016 16:17:29,"Wow, every poll said I won the debate last night. Great honor!"
36,36,7.03121943944e+17,2/26/2016 7:38:29,"""@Slytle24: @davidaxelrod @realDonaldTrump @CNN he won almost all polls and Mark Halperin gave him an A-"
37,37,7.03110934869e+17,2/26/2016 6:54:44,"All the online polls have me winning the debate. I really enjoyed the evening. Not easy, but good. https://t.co/sLTmwVVM5I"
38,38,7.03109705901e+17,2/26/2016 6:49:51,"Thank you! #GOPDebate Polls 
#MakeAmericaGreatAgain https://t.co/At5vOiLCSy"
39,39,7.0270641298e+17,2/25/2016 4:07:19,Great new poll. Thank you Texas! #VoteTrump #MakeAmericaGreatAgain https://t.co/VHqAvsIyuW
40,40,7.02679486497e+17,2/25/2016 2:20:19,Ted Cruz is lying again. Polls are showing that I do beat Hillary Clinton head to head. Check out https://t.co/45g7qpxq7T Poll snd Q Poll.
41,41,7.02608e+17,2/24/2016 21:36:35,"The polls show that I picked up many Jeb Bush supporters. That is how I got to 46%. When others drop out, I will pick up more.  Sad but true"
42,42,7.02526610646e+17,2/24/2016 16:12:50,".@USATODAY Poll and @QuinnipiacPoll say that I beat both Hillary and Bernie, and I havn't even started on them yet!"
43,43,7.02180291449e+17,2/23/2016 17:16:42,"Wow, great Ohio poll. Shows me leading by 5 points, beating K!"
44,44,7.01944029316e+17,2/23/2016 1:37:52,"Thank you Michigan! #VoteTrumpMI
Trump 35%
Kasich 17%
Cruz 12%
Rubio 12%
Carson 9% 
Via: ARG"
45,45,7.01943239055e+17,2/23/2016 1:34:44,"Great poll! Thank you North Carolina! 
#VoteTrumpNC on 3/15!
Trump 36%
Cruz 18%
Rubio 18%
Carson 10%
Kasich 7%
Via @SurveyUSA"
46,46,7.01940652339e+17,2/23/2016 1:24:27,"Thank you Illinois! Great news! #VoteTrumpIL on 3/15!
Trump 28%
Cruz 15%
Rubio 14%
Kasich 13%
Bush 8%
Carson 6%
Simon Poll/SIU"
47,47,7.01374019644e+17,2/21/2016 11:52:51,The failing @WSJ Wall Street Journal should fire both its pollster and its Editorial Board. Seldom has a paper been so wrong.Totally biased!
48,48,7.0032027062e+17,2/18/2016 14:05:38,".@FoxNews is changing their  theme from ""fair and balanced"" to ""unfair and unbalanced."" But dying @WSJ is worse.Their phony poll is a  joke!"
49,49,7.00295391842e+17,2/18/2016 12:26:46,New CBS National Poll just out - massive lead for Trump. The Wall Street Journal/NBC Poll is a total joke. No wonder WSJ is doing so badly!
50,50,7.00280013108e+17,2/18/2016 11:25:40,I love being in South Carolina. We are leading big in all of the State polls - Saturday is a BIG day. MAKE AMERICA GREAT AGAIN!
51,51,7.00271935277e+17,2/18/2016 10:53:34,"The just out USA Today National Poll, where I lead by big numbers, shows that in a head to head matchup, I beat both Hillary and Bernie."
52,52,7.0026964379e+17,2/18/2016 10:44:28,"Amazing that while I lead by big numbers in the new Q and and USA Today polls, the the press only wants to report on the phony WSJ/NBC poll."
53,53,6.9998953218e+17,2/17/2016 16:11:24,"Jeb Bush just got contact lenses and got rid of the glasses. He wants to look cool, but it's far too late. 1% in Nevada!"
54,54,6.99989306334e+17,2/17/2016 16:10:30,"Just out Nevada poll shows Jeb Bush at 1%, he should take his dumb mouthpiece, @LindseyGrahamSC, and just go home."
55,55,6.99554325623e+17,2/16/2016 11:22:02,"New PPP Poll just out - Trump up big, Cruz, Rubio and Bush down. The debate results, even with a stacked RNC audience, were wonderful!"
56,56,6.99447731606e+17,2/16/2016 4:18:28,New South Carolina poll from PPP. Thank you! #VoteTrumpSC https://t.co/6618Oi6vle
57,57,6.98977598845e+17,2/14/2016 21:10:20,"Wow, in the new CBS Poll I went way up into the forties! Thank you!"
58,58,6.98853277707e+17,2/14/2016 12:56:20,"Even though every poll, Time, Drudge etc., has me winning the debate by a lot, @FoxNews only puts negative people on. Biased - a total joke!"
59,59,6.98755140602e+17,2/14/2016 6:26:22,Hey @glennbeck- see how I beat your boy Ted- in your own Blaze poll? Your endorsement means nothing! #GOPDebate
60,60,6.98751641873e+17,2/14/2016 6:12:28,"All polls have me winning debate big- Drudge, TIME, etc. Dopey Charles Krauthammer still nasty. He has zero cred- totally dishonest!"
61,61,6.97882687924e+17,2/11/2016 20:39:33,"We are getting reports from many voters that the Cruz people are back to doing very sleazy and dishonest ""pushpolls"" on me. We are watching!"
62,62,6.97033106609e+17,2/9/2016 12:23:37,The polls are now showing that I am the best to win the GENERAL ELECTION. States that are never in play for Repubs will be won by me. Great!
63,63,6.96281114269e+17,2/7/2016 10:35:28,"""@JoeNBC: Latest UMass Tracking Poll. NH GOP Trump 35 (+1) Rubio 14 (-1) Cruz 13 (-1) Jeb 10 (+2) Kasich 10 (+2)"""
64,64,6.95278741049e+17,2/4/2016 16:12:24,"Taking a helicopter to New Hampshire, boarding now. Amazing activity planned. New UMASS poll, very nice! https://t.co/xFvGE0dRlA"
65,65,6.94879900256e+17,2/3/2016 13:47:33,"Ted Cruz didn't win Iowa, he stole it. That is why all of the polls were so wrong and why he got far more votes than anticipated. Bad!"
66,66,6.93839525412e+17,1/31/2016 16:53:28,"RT @CLewandowski_: Trump winning over Latino Republicans, poll says | New York Post https://t.co/yiC3zavrmi"
67,67,6.93782388565e+17,1/31/2016 13:06:25,"Ted Cruz is totally unelectable, if he even gets to run (born in Canada). Will loose big to Hillary. Polls show I beat Hillary easily! WIN!"
68,68,6.93116922809e+17,1/29/2016 17:02:06,"Thank you!
Mitchell FOX2 Michigan Poll finds Trump holds 3-1 lead over closest GOP opponents. 
Trump 47% Clinton 43% https://t.co/xpaeV0YzGV"
69,69,6.93082003882e+17,1/29/2016 14:43:21,Great Twitter poll- and I wasn't even there. Thank you! #GOPDebate https://t.co/yLJGkoOeBg
70,70,6.93054880622e+17,1/29/2016 12:55:34,Good morning America! Thank you for all of your support in the latest Drudge poll! https://t.co/XDnixWnqwb https://t.co/yUTtLnALxy
71,71,6.92864417101e+17,1/29/2016 0:18:44,"Watching biased Charles @krauthammer, a @FoxNews flunky who didn't know that I won every debate, in particular- the last one. Check polls!"
72,72,6.92766854453e+17,1/28/2016 17:51:03,"Tennessee GOP Poll
https://t.co/hfSxKaXC42
Trump 32.7%
Cruz 16.5%
Carson 6.6%
Rubio 5.3%
Christie 2.4%
Jeb 1.6%"
73,73,6.92675094243e+17,1/28/2016 11:46:26,"""@michaelG4NY: new @nbcnews WSJ poll shows @realDonaldTrump pulling ahead of @tedcruz in #Iowa. https://t.co/18ktk7IZUd""  Great!"
74,74,6.91967215097e+17,1/26/2016 12:53:34,"""@realDonaldTrump hits new heights in national poll at 41%"" https://t.co/1Tzszrkh4j"
75,75,6.91966649974e+17,1/26/2016 12:51:20,"""Donald Trump retains national lead in new ABC News/WaPo poll with 37%: https://t.co/xPjA3TBbTa"" https://t.co/6Uaecpwqwm"
76,76,6.91770208928e+17,1/25/2016 23:50:44,"""@realDonaldTrump &amp; @HillaryClinton leading POLLS w/ one week until #IowaCaucus ...MORE on the 2016 elections TONIGHT on @FoxBusiness 7PM"""
77,77,6.91743052529e+17,1/25/2016 22:02:50,Cruz going down fast in recent polls- dropping like a rock. Lies never work!
78,78,6.91742501213e+17,1/25/2016 22:00:38,Ted Cruz is a nervous wreck. He is making reckless charges not caring for the truth! His poll #'s are way down!
79,79,6.91614582885e+17,1/25/2016 13:32:20,"IPSOS/REUTERS POLL
Thank you! #Trump2016 
#MakeAmericaGreatAgain https://t.co/sbzp75EPSq"
80,80,6.91366453011e+17,1/24/2016 21:06:22,"Fox News Poll
Thank you, New Hampshire! #FITN
#Trump2016 https://t.co/jC1qisBbit"
81,81,6.91287273997e+17,1/24/2016 15:51:44,"New Fox News Poll
Thank you, Iowa! #Trump2016 
#IACaucus https://t.co/aCj0Hq20hV"
82,82,6.90913646118e+17,1/23/2016 15:07:04,"Ted Cruz poll numbers are down big. Because he was born in Canada and was, until recently, a Canadian citizen, many believe he cannot run!"
83,83,6.90684930259e+17,1/22/2016 23:58:14,Ted Cruz went down big in just released Reuters poll - what's going on? Is it Goldman Sachs/Citi loans or Canada?
84,84,6.90680515801e+17,1/22/2016 23:40:41,"Just received the new Fox poll.
Thank you, America! #Trump2016 https://t.co/QKNineuS8H"
85,85,6.90672420433e+17,1/22/2016 23:08:31,Wow! New National Zogby Poll just out:.TRUMP 45. CRUZ 13. RUBIO 8. Big numbers.
86,86,6.90669496622e+17,1/22/2016 22:56:54,Leaving Nevada now for Iowa. Things are looking good - great new polls!
87,87,6.90656497022e+17,1/22/2016 22:05:15,"New National GOP Zogby Poll
#MakeAmericaGreatAgain #Trump2016
https://t.co/Ma6OABMYpF https://t.co/evqFrWKBD1"
88,88,6.90641744288e+17,1/22/2016 21:06:37,"New Reuters poll! Thank you!
#MakeAmericaGreatAgain #Trump2016 https://t.co/KDVZoUia4I"
89,89,6.90560125917e+17,1/22/2016 15:42:18,"After spending $89 million, @JebBush is at the bottom of the barrel in polls. He is ashamed to use the name ""Bush"" in ads. Low energy guy!"
90,90,6.90537121917e+17,1/22/2016 14:10:54,"""@MiamiNewTimes: Poll: Trump has more support in Florida than Rubio and Bush combined. https://t.co/uvH2BKQRHf https://t.co/2tvIaa2aFr"""
91,91,6.89956187434e+17,1/20/2016 23:42:28,New CNN/WMUR New Hampshire poll just released. Thank you! #FITN #Trump2016 https://t.co/sZr9taU20G
92,92,6.8948240499e+17,1/19/2016 16:19:49,In the just released SC poll I increased my lead by 4 points since last poll by same firm. Up by 14! Cruz dropped 3. https://t.co/qM4JUsyaqH
93,93,6.89463443792e+17,1/19/2016 15:04:29,"On my way to Iowa- just received new national poll numbers. Thank you!
#MakeAmericaGreatAgain #Trump2016 https://t.co/sQ9UEVW4Vp"
94,94,6.89429603615e+17,1/19/2016 12:50:01,"Wow, new polls just out have Trump up and Cruz down - he is a nervous wreck!"
95,95,6.89263744443e+17,1/19/2016 1:50:57,Ted Cruz is falling in the polls. He is nervous. People are worried about his place of birth and his failure to report his loans from banks!
96,96,6.877799818e+17,1/14/2016 23:35:00,WSJ/NBC Poll: Donald Trump Widens His Lead in Republican Presidential Race. #Trump2016 https://t.co/r2i8FHPjB4
97,97,6.87353545063e+17,1/13/2016 19:20:30,"THANK YOU, IOWA! Highly respected @OANN @GravisMarketing poll just released. #VoteTrump #IowaCaucus https://t.co/Ecs9XYXaXL"
98,98,6.87339211029e+17,1/13/2016 18:23:32,"RT @DRUDGE_REPORT: REUTERS ROLLING:  TRUMP 39%, CRUZ 14.5%, BUSH 10.6%, CARSON 9.6%, RUBIO 6.7%... MORE... https://t.co/nRhtbzcqP9"
99,99,6.87148683713e+17,1/13/2016 5:46:27,"Numerous polls have me beating Hillary Clinton. In a race with her, voter turnout will be the highest in U.S. history-I get most new voters!"
100,100,6.87128203031e+17,1/13/2016 4:25:04,"Just found out that @tedcruz is spending a fortune on Iowa push polls negative to me. Not nice, but OK! New polls are great."
101,101,6.871058487e+17,1/13/2016 2:56:14,"New CBS poll. #Trump2016
https://t.co/sFPRHHeLbd"
102,102,6.87027364934e+17,1/12/2016 21:44:22,Another new Iowa poll just released. Thank you! #IACaucus #FITN https://t.co/RGkrruqpM7
103,103,6.86634552749e+17,1/11/2016 19:43:29,"New Iowa poll. Thank you!
#MakeAmericaGreatAgain #Trump2016 https://t.co/19sshZ8dSu"
104,104,6.86254121436e+17,1/10/2016 18:31:47,"Heading now for Reno, Nevada, for a big rally. Good poll numberd all over!"
105,105,6.86253395024e+17,1/10/2016 18:28:54,"In the just out @FoxNews Poll, I easily beat Hillary Clinton - and I havn't even focused on her yet. On our way: MAKE AMERICA GREAT AGAIN!"
106,106,6.85600012043e+17,1/8/2016 23:12:35,"#FoxNews Poll - THANK YOU!
#MakeAmericaGreatAgain #Trump2016 https://t.co/dKuyzLRTZ3"
107,107,6.8530231474e+17,1/8/2016 3:29:38,"""@LiberatedCit: @JebBush Key State Florida Poll: Trump 32% Beats #Rubio-#Bush Combined https://t.co/MKHc5nB27i https://t.co/ubJvEeCsom"""
108,108,6.84531959939e+17,1/6/2016 0:28:31,I am in New Hampshire. Just received great news from Reuters poll. Thank you for your support! https://t.co/yzp9dGfbce
109,109,6.8326075381e+17,1/2/2016 12:17:12,".@JebBush is a low energy ""stiff"" who should focus his special interest money on the many people ahead of him in the polls. Has no chance!"
110,110,6.82516874748e+17,12/31/2015 11:01:18,"""@whispers34: Nevada Poll: Donald Trump 33%, Ted Cruz 20%, Marco Rubio 11%... https://t.co/Hniy4iAqNG via @thelastrefuge2""  Great news!"
111,111,6.82502608834e+17,12/31/2015 10:04:36,"People ask, ""why do you tweet and re-tweet to millions about @JebBush when he is so low in the polls?"" Because of his big $ hit ads on me!"
112,112,6.82428536855e+17,12/31/2015 5:10:16,".@JebBush has spent  $63,000,000 and is at the bottom of the polls. I have spent almost nothing and am at the top. WIN!  @hughhewitt"
113,113,6.82310784564e+17,12/30/2015 21:22:22,"Great poll- thank you Nevada!
#MakeAmericaGreatAgain #Trump2016 https://t.co/9Lr1v6vjJb"
114,114,6.81971453261e+17,12/29/2015 22:53:59,"New #ReutersPoll. Thank you America! 
#MakeAmericaGreatAgain #Trump2016 https://t.co/oETsjV3aR4"
115,115,6.81151292195e+17,12/27/2015 16:34:57,"Why are @JebBush flunkies  @ananavarro and @secupp, two of the dumbest people in politics, always on the @CNN panels..and yet Poll:Trump 39"
116,116,6.80505672476e+17,12/25/2015 21:49:30,"The same people that said I wouldn't run, or that I wouldn't lead or do well (1st place and leading by 21%), now say I won't beat Hillary."
117,117,6.80484330494e+17,12/25/2015 20:24:41,Remember when failed candidate @JebBush said that illegals came across the border as AN ACT OF LOVE? He's spent $59 million and is at 3%.
118,118,6.80162068688e+17,12/24/2015 23:04:08,".@meetthepress and @chucktodd very dishonest in not showing the new @CNN Poll where I am at 39%, 21points higher than Cruz. Be honest Chuck!"
119,119,6.80160249992e+17,12/24/2015 22:56:55,Why isn't @chucktodd using the much newer @CNN Poll when discussing how well I am doing instead of the older Q Poll? CNN even better!
120,120,6.80151064189e+17,12/24/2015 22:20:24,"Wow, even lowly Rand Paul has just past @JebBush in the new @CNN Poll. Jeb is at 3%, I'm at 39%. Stop throwing your money down the drain!"
121,121,6.80116241513e+17,12/24/2015 20:02:02,"""@classyexplorer: @gatewaypundit Jim you fail to mention in your CNN POLL that in the GOP RACE...Trump is leading Cruz 39 to 18...Big Detail"
122,122,6.79713305377e+17,12/23/2015 17:20:55,It is hard to believe I am winning by so much when I am treated so badly by the media.  New @CNN Poll amazing in ALL categories. 21 pt. Lead
123,123,6.79690180937e+17,12/23/2015 15:49:01,.@FoxNews treats me so badly. Using old Quinnipiac Poll where I have a much smaller lead than the just out @CNN Poll. All negative!
124,124,6.79633151237e+17,12/23/2015 12:02:24,Big news just out - NEW @CNN POLL  TRUMP  39 and leads in every major category. Likeability way up. CRUZ 18  CARSON 10  RUBIO 10
125,125,6.79496538117e+17,12/23/2015 2:59:33,"Wow, new Reuters Poll just out. Big lead if you want to MAKE AMERICA GREAT AGAIN!  TRUMP 37  CRUZ 11 This is at the top of Drudge!"
126,126,6.79423888284e+17,12/22/2015 22:10:52,"""@schoremis1:  @JebBush The Donald should've been named Man of the Year. He dominates the polls, news, talk shows &amp; social media. MAGA!"""
127,127,6.79416309546e+17,12/22/2015 21:40:45,"""@qbeacademy: Well I'm at 42% and your at 3% .You know Jeb you started over here you keep on moving further and further off stage.  Classic"""
128,128,6.79410429316e+17,12/22/2015 21:17:23,"""@realNevaDie: This suggests that online polls are more reliable so Trump is crushing both parties. @realDonaldTrump"
129,129,6.78901451335e+17,12/21/2015 11:34:54,"""@msully65:  Tell this knitwit @SpeakerRyan, the ppl want @realDonaldTrump, not him or his choice for President! Thts why Trump has 40%"""
130,130,6.78797631251e+17,12/21/2015 4:42:21,".@JebBush today said he didn't want to be the front-runner, he would rather be where he is now, 2%. That is the talk of a loser, can't win!"
131,131,6.78791376202e+17,12/21/2015 4:17:30,"Great poll out of Illinois! Thank you!
#MakeAmericaGreatAgain #Trump2016 https://t.co/Fd48umfyCw"
132,132,6.78714784905e+17,12/20/2015 23:13:09,.@JebBush was terrible on Face The Nation today. Being at 2% and falling seems to have totally affected his confidence. A basket case!
133,133,6.78421170837e+17,12/20/2015 3:46:26,"""@GStephanopoulos: As @realDonaldTrump dominates the latest polls, I‚Äôll talk to the GOP frontrunner, Sunday on @ThisWeekABC."""
134,134,6.78355010704e+17,12/19/2015 23:23:32,Thank you America! @FoxNews post-debate poll with +/- from previous poll. #VoteTrump2016 #MakeAmericaGreatAgain https://t.co/KorKlSr01P
135,135,6.78010990895e+17,12/19/2015 0:36:31,"""@thehill: NEW POLL: Trump's massive lead grows in post-debate poll https://t.co/jNDY8kgIgl https://t.co/bPlj1VPz8T"""
136,136,6.78005667505e+17,12/19/2015 0:15:22,"Another new post-debate poll. 
THANK YOU! #VoteTrump2016 #MakeAmericaGreatAgain https://t.co/Pa9PCuPbyr"
137,137,6.77717239836e+17,12/18/2015 5:09:16,"New Reuters poll - thank you!
#MakeAmericaGreatAgain #Trump2016 https://t.co/zOe0gDe0AJ"
138,138,6.77123407143e+17,12/16/2015 13:49:35,Bill O'Reilly calls Trump and  campaign brilliant. In first place by 27 points.
139,139,6.77118427048e+17,12/16/2015 13:29:47,"Thank you, so many people have given me credit for winning the debate last night. All polls agree. It was fun and interesting!"
140,140,6.76902775537e+17,12/15/2015 23:12:52,Highly respected PUBLIC POLICY POLLING (PPP) just announced that I am number one in IOWA. Thank you!
141,141,6.76880260668e+17,12/15/2015 21:43:24,New PPP poll just released in Iowa- up 6 points from last poll. Leading w/ 28%! Don't worry - media won't report it! https://t.co/yjWiLBGUpm
142,142,6.76814742313e+17,12/15/2015 17:23:03,"I won every debate so far according to all debate polls including @DRUDGE_REPORT, @TIME @Slate and more. Too bad dopey @megynkelly lies!"
143,143,6.7678740358e+17,12/15/2015 15:34:25,.@megynkelly is very bad at math. She was totally unable to figure out the difference between me and Cruz in the new Monmouth Poll 41to14.
144,144,6.76786396037e+17,12/15/2015 15:30:25,".@megynkelly, the most overrated anchor at @FoxNews, worked hard to explain away the new Monmouth poll 41 to 14 or 27 pt lead. She said 15!"
145,145,6.7677730206e+17,12/15/2015 14:54:17,Why isn't anyone using the @CNN Iowa Poll with me having a big lead. They only want to use the one negative poll (2nd place).Dishonest press
146,146,6.76775704743e+17,12/15/2015 14:47:56,"Isn't it amazing that @CNN paid a fortune for an Iowa Poll, which shows me in first place over Cruz by 13%, 33% to 20% - then doesn't use it"
147,147,6.76770949451e+17,12/15/2015 14:29:02,"Wow, I just had two very good Iowa polls and a phenomenal just out National Poll from @ABC @washingtonpost - 38%.  MAKE AMERICA GREAT AGAIN!"
148,148,6.76571597286e+17,12/15/2015 1:16:53,Why doesn't @CNN use the #CNN Iowa poll? @andersoncooper @andydean2014
149,149,6.76453521433e+17,12/14/2015 17:27:42,"RT @ABCPolitics: JUST IN: Donald Trump hits 41% in new Monmouth national poll, his highest national support of the election cycle yet."
150,150,6.76453403133e+17,12/14/2015 17:27:13,"RT @BretBaier: New national poll from Monmouth -huuge @realDonaldTrump lead: Trump leads the pack at 41%. Ted Cruz-14%, Marco Rubio-10%, &amp; ‚Ä¶"
151,151,6.76452596853e+17,12/14/2015 17:24:01,"RT @piersmorgan: BREAKING NEWS: @realDonaldTrump surging ahead in GOP race - 41% in new #Monmouth national poll,  27% ahead of nearest riva‚Ä¶"
152,152,6.76279366184e+17,12/14/2015 5:55:40,Why doesn't @FoxNews quote the new Iowa @CNN Poll where I have a 33% to 20% lead over Ted Cruz and all others. Think about it!
153,153,6.76172797476e+17,12/13/2015 22:52:12,"""@JPMORGAN2016: TRUMP NEEDS HIS OWN POLL A REAL POLL, IN EVERY STATE. THESE POLLS ARE SO RIDICULOUS.THE MEDIA WILL ONLY GET WORSE FROM HERE"""
154,154,6.76093580365e+17,12/13/2015 17:37:25,A very good NBC/Wall Street Journal Poll was just released wherein I went up from last month and am in the lead. Nice!
155,155,6.76029756287e+17,12/13/2015 13:23:48,"""@JPMORGAN2016: @realDonaldTrump @Peggynoonannyc TRUMP IS WINNING BY SO MUCH MORE, IT'S NEAR 60% NATIONALLY. THEY ARE ALL BIASED POLLS!!!!"""
156,156,6.75902321483e+17,12/13/2015 4:57:25,I will be interviewed on @jaketapper @CNN at 9:00 A.M. and Fox News Sunday with Chris Wallace at 10:O0  A.M. CNN Iowa Poll -13 point lead!
157,157,6.75811518509e+17,12/12/2015 22:56:36,"New CNN Iowa poll --- Trump 33, Cruz 20. Everyone else way down! Don't trust Des Moines Register poll- biased towards Trump!"
158,158,6.75462574923e+17,12/11/2015 23:50:02,Thank you! We are at 35% in new Reuters poll with #2 coming in at 12%. Time to #MakeAmericaGreatAgain!#Trump2016 https://t.co/0l00OVCo5b
159,159,6.75417305863e+17,12/11/2015 20:50:09,Great news in Georgia!  The just out  Landmark poll shows me in first with 43%! Wow. https://t.co/mG6uZQxBWG https://t.co/UZ03GJDvOV
160,160,6.75295251515e+17,12/11/2015 12:45:08,".@Morning_Joe is so off on Iowa, which I am leading big in new @CNN poll. I will win Iowa. Also, I beat Hillary easily!"
161,161,6.7517275394e+17,12/11/2015 4:38:23,"""@FoxNews: @FrankLuntz: Time for the Republican establishment to accept the fact that Trump is not only a viable candidate, but lead is real"
162,162,6.75125408804e+17,12/11/2015 1:30:15,Respected Morning Consult poll just out. I lead all Republicans and beat Hillary head to head by a wide margin- 45 to 40!
163,163,6.75011172497e+17,12/10/2015 17:56:19,Establishment flunky @KarlRove is going crazy with the just released CBS poll that has me way ahead. New Fox poll has me beating Hillary.
164,164,6.74917524598e+17,12/10/2015 11:44:11,"Wow, my poll numbers have just been announced and have gone through the roof!"
165,165,6.74577809877e+17,12/9/2015 13:14:17,The last person corrupt Hillary Clinton wants to run against is Donald J. Trump. I'll end up beating her in every state. New Fox Poll-Trump!
166,166,6.7456064879e+17,12/9/2015 12:06:06,"The failing @nytimes does not mention the new @CNN Poll that has me leading Iowa by a massive 13 points - I am at 33%. Maggie Haberman, sad!"
167,167,6.74443666455e+17,12/9/2015 4:21:15,"Great poll numbers just coming out of New Hampshire. BIG lead for ""Trump"" according to @CNN!"
168,168,6.74370442909e+17,12/8/2015 23:30:17,Great new poll from NH. Thank you! We need to keep this country safe! #Trump2016 https://t.co/r5K58xu8Mp https://t.co/EAqHZ5ttmp
169,169,6.74330315373e+17,12/8/2015 20:50:50,A very big poll is coming out at 6 PM in New Hampshire. Will be very interested in the results.
170,170,6.74317248803e+17,12/8/2015 19:58:54,A new poll indicates that 68% of my supporters would vote for me if I departed the GOP &amp; ran as an independent. https://t.co/ztP5d2ctZl
171,214,6.62569633259e+17,11/6/2015 9:58:05,"""@AliceEngle3: @realDonaldTrump-huge lead in Reuters National poll https://t.co/afdvXHzvIx"""
172,171,6.74234492287e+17,12/8/2015 14:30:04,"I wish the @WSJ Wall Street Journal had reported the just out @CNN Iowa Poll correctly. I lead by a wide margin,13 points, going up big!"
173,172,6.74233304682e+17,12/8/2015 14:25:21,"Just won IOWA @CNN Poll BIG: Trump 33% Cruz 20% Rubio 11%,  but @WSJ reported ""Cruz momentum"" but nothing about the fact that I easily won!"
174,173,6.74071269248e+17,12/8/2015 3:41:28,"""@CRinQC: RT @thehill: New Iowa poll finds .@realDonaldTrump in the lead by double digits. https://t.co/00phDHSb37 https://t.co/t6DSOopCXd"
175,174,6.74067861821e+17,12/8/2015 3:27:56,"""@LexingtonBobby:  @CLewandowski_ Today, ""New Iowa poll finds Trump in the lead by double digits"" https://t.co/00phDHSb37 #Trump16"""
176,175,6.74066482323e+17,12/8/2015 3:22:27,Just released @CNN Poll gives me a big 13 point lead in Iowa. Change your false story failing @nytimes. Thank you Iowa!
177,176,6.73980905506e+17,12/7/2015 21:42:24,I am especially grateful for the tremendous support I have received from the Evangelicals in the just out Iowa CNN poll. Thank you!
178,177,6.73980823994e+17,12/7/2015 21:42:05,"I am greatly honored by the results of the CNN poll in Iowa. In the end, I believe the final results will be even better than that!"
179,178,6.73515997539e+17,12/6/2015 14:55:01,"""@JSears68: Poll numbers will go up even more for @realDonaldTrump after Obama's 'address'"
180,179,6.72982920505e+17,12/5/2015 3:36:46,"""@ben_techpro: Donald Trump opens up 'massive' lead in national poll https://t.co/yBfezuPX9a  #makeamericagreatagain #wakeupamerica @GOP"""
181,180,6.72787852246e+17,12/4/2015 14:41:38,".@CNN &amp; @CNNPolitics Please thank Alisyn Camerota, David Chalian and John King for the very professional reporting of the new CNN Poll."
182,181,6.72768400914e+17,12/4/2015 13:24:20,".@CNN Poll just came out, amazing numbers for those who want to MAKE AMERICA GREAT AGAIN! TRUMP 36%, a 20 point lead over 2nd place. Thanks."
183,182,6.72390230692e+17,12/3/2015 12:21:38,"""@politico: The retired neurosurgeon plummets 7 points from last month, while Trump solidifies his dominating lead https://t.co/8Mc2sFmbhn"""
184,183,6.72380190992e+17,12/3/2015 11:41:44,"""@DLake66675: @ChateauEmissary @trumpettes16 @realDonaldTrump his poll numbers jump every time instances like this occur."
185,184,6.72148069027e+17,12/2/2015 20:19:22,"I beat Hillary in the new @FoxNews Poll head to head.  SHE HAS NO STRENGTH OR STAMINA, both of which are needed to MAKE AMERICA GREAT AGAIN!"
186,185,6.71792709293e+17,12/1/2015 20:47:17,"You would think a paper like the Washington Post would be fair and objective. For the record, almost all polls showed I won all debates."
187,186,6.71348849647e+17,11/30/2015 15:23:33,"The Republican establishment, out of self preservation, is concerned w/ my high poll #'s. More concerned are Dems‚ÄîI beat Hillary heads up!"
188,187,6.70381849416e+17,11/27/2015 23:21:02,"Pollster Trend 
National GOP Average
223 national polls &amp; 33 pollsters.
#MakeAmericaGreatAgain #Trump2016 https://t.co/mILAGwjvS2"
189,188,6.70158455257e+17,11/27/2015 8:33:21,"""@VaughnVhalen: Donald Trump Rises to 38% Nationally; Ted Cruz Edges into 2nd at 12%"
190,189,6.69992629242e+17,11/26/2015 21:34:25,Great new poll numbers! Thank you for your support! #Trump2016 https://t.co/vmrsOnsMRo
191,190,6.69288695938e+17,11/24/2015 22:57:14,New @OANN national poll released. Thank you America! #Trump2016 https://t.co/yopcngFzFv
192,191,6.68495716139e+17,11/22/2015 18:26:13,"Great poll numbers! Thank you!
#MakeAmericaGreatAgain #Trump2016 https://t.co/51CRR6m5Eg"
193,192,6.68441539644e+17,11/22/2015 14:50:56,Great poll numbers all over and beating Hillary Clinton one on one. Thank you!
194,193,6.68406922233e+17,11/22/2015 12:33:23,Big new @ABC Poll to be announced at 9:00 A.M. on This Week with @GStephanopoulos. I will be interviewed on show!
195,194,6.68405215654e+17,11/22/2015 12:26:36,.@GStephanopoulos just announced that I am leading  BIG in the new @ABC Poll which will be shown on This Week at 9:00 A.M. I will be on show
196,195,6.68212478695e+17,11/21/2015 23:40:44,"""@boreed615: Donald Trump retakes lead in GOP race; Ted Cruz makes gains: poll: https://t.co/G8z5ek7emn # via AOL"""
197,196,6.6808970242e+17,11/21/2015 15:32:52,RT @CLewandowski_: .@realDonaldTrump extends lead in 11/20/2015 Reuters #GOP poll. #MakeAmericaGreatAgain #Trump2016 https://t.co/HfXjbjXxL2
198,197,6.67509055867e+17,11/20/2015 1:05:35,"John Kasich, despite being Governor of Ohio, is losing to me in the Ohio polls. Pathetic!"
199,198,6.67128584956e+17,11/18/2015 23:53:43,"""@FoxNews New Hampshire Poll: @realDonaldTrump 'Rules GOP Race in New Hampshire.' Trump 27, Rubio 13, Cruz 11, Bush 9, Carson 9, &amp; Kasich 7"""
200,199,6.67060531149e+17,11/18/2015 19:23:18,"Via Politico: ""Trump Extends Lead in New Hampshire Poll"" https://t.co/PaJOAi3rGa"
201,200,6.67023957368e+17,11/18/2015 16:57:58,Great New Poll  https://t.co/178k1ERFqT
202,201,6.66605421751e+17,11/17/2015 13:14:52,So many great polls like Reuters - big leads everywhere. New Hampshire really special! We will win big and MAKE AMERICA GREAT AGAIN!
203,202,6.66439765433e+17,11/17/2015 2:16:36,"Great poll numbers out of @UMassAmherst. Thank you! #Trump2016 #MakeAmericaGreatAgain 
https://t.co/ePlQRgjMYw"
204,203,6.66026519706e+17,11/15/2015 22:54:31,"""@USATrumpDiva: Donald Trump surges in poll among likely Republican voters https://t.co/uZ5nZUuqKq"""
205,204,6.65741213891e+17,11/15/2015 4:00:48,"""@tasteofaz: Poll: Trump Surges to 42% Nationally; ‚ÄòBad News for Marco Rubio‚Äô https://t.co/9IrLrlpjfM @realdonaldtrump""  Great news!"
206,205,6.65731237488e+17,11/15/2015 3:21:10,"Great news out of New Hampshire! DonaldTrump is pulling away from the pack w/ 2nd is 17% behind him! #Trump2016 https://t.co/hASWradHMe"""
207,206,6.65253317305e+17,11/13/2015 19:42:05,"""@DRUDGE_REPORT: REUTERS 5-DAY ROLLING POLL: TRUMP 34%, CARSON 19.6%, RUBIO 9.7%, CRUZ 7.7%..."" Thank you - a great honor!"
208,207,6.64905002788e+17,11/12/2015 20:38:00,From 2% to 27% in Texas - quite a jump into first place!
209,208,6.64763701846e+17,11/12/2015 11:16:31,"All seven on-line polls, including Drudge and Time, with thousands of respondents, said I won the debate. @krauthammer said I was ""so, so."""
210,209,6.64394692181e+17,11/11/2015 10:50:13,"Loved doing the debate...won Drudge and all on-line polls! Amazing evening, moderators did an outstanding job."
211,210,6.63959273752e+17,11/10/2015 6:00:01,"""@freedoms411: @wakeuppeopleSOS @mitchellvii  @CNN @ABC @CBS It shouldn't be ignored, and I doubt it will be, Carson will drop in polls."""
212,211,6.62832780209e+17,11/7/2015 3:23:44,"""@Bubbachitchat1: THIS IS WHY THE POLLS ARE WRONG! @Hanan_Khan2: I am a lifelong democrat. And I will be voting trump! #democratsfortrump"""""
213,212,6.62783390539e+17,11/7/2015 0:07:28,"Would be nice if @jmartNYT learned how to read the polls before writing his next story. Probably done on purpose, but not good reporting!"
214,213,6.62692196069e+17,11/6/2015 18:05:06,"""@DefendingtheUSA: GREAT Video. Which of these 4 Polls is Suspect? Kudos to @OANN  https://t.co/kKlRLIDrLC #Trump https://t.co/BiEUTt2k6Z"""
215,215,6.62564576266e+17,11/6/2015 9:37:59,"""@Rick_Sa: @greta Interesting presidential race; Carson tries to beat his mom with a hammer, and @realDonaldTrump beats Carson in the polls!"
216,216,6.62562140512e+17,11/6/2015 9:28:18,A great honor to easily finish FIRST in the @FoxNews poll tabulation even though some of my best polls were not used in determining winner!
217,217,6.62560463038e+17,11/6/2015 9:21:38,"""@SoCal4Trump: Wow @megynkelly. You openly LIE about who's ahead in the GOP race. Trump is LEADING in 99% of polls. Shameful... #StopTheLies"
218,218,6.62198618045e+17,11/5/2015 9:23:48,"""@marklindsay78: @Hanan_Khan2 @realDonaldTrump poll numbers are higher then most think, no one is asking Democrats if they are voting Trump"""
219,219,6.62046407114e+17,11/4/2015 23:18:58,"Wow! @FoxNews poll just came out. #1 with 26%! Almost as importantly, I am the strongest on economic issues by far! #Trump2016"
220,220,6.61897728432e+17,11/4/2015 13:28:10,"Isn't it terrible that @megynkelly used a poll not used before (I.B.D.) when I was down, but refuses to use it now when I am up?"
221,221,6.61556370476e+17,11/3/2015 14:51:44,"""@LookerCherry: @realDonaldTrump The polls are for the news cycle. Trump is miles ahead and leaving all others in the dust, ""don't doubt me"""
222,222,6.61554450512e+17,11/3/2015 14:44:06,"""@Freedomrings22: @realDonaldTrump I Trust @OANN 's polls They are actually really Fair and really balanced on all their news"" Iowa lead!"
223,223,6.61538450836e+17,11/3/2015 13:40:32,"""@NickEgoroff: BREAKING: Latest poll of Florida voters shows enormous lead for Trump! He'd beat Hillary! https://t.co/TvLEH4NcXt #tcot"""
224,224,6.61249199171e+17,11/2/2015 18:31:09,.@megynkelly used this poll (nobody else did) when I was down‚Äîwonder if she‚Äôll use it now that I‚Äôm up? https://t.co/wEhqux6Ss8
225,225,6.61246862029e+17,11/2/2015 18:21:51,.@CharlesMBlow  Why don‚Äôt you use new polls instead of the single ancient national poll that was a tiny bit negative. Dishonest reporting!
226,226,6.6115751601e+17,11/2/2015 12:26:50,"""@Morning_Joe: Online poll: @realDonaldTrump 'best to handle economy' by far https://t.co/SZvSzNzoIk""  Very true, thanks!"
227,227,6.61156823723e+17,11/2/2015 12:24:05,".@Morning_Joe: Marco only won the debate in the minds of desperate people. I won every on-line poll, even crazy @CNBC. Marco good looking?"
228,228,6.60998499153e+17,11/2/2015 1:54:57,"Thank you @JoeTrippi for the nice, and true, words on #Media Buzz with terrific Howie Kurtz. Leading New Hampshire 30 to 12. @FoxNews"
229,229,6.60649680146e+17,11/1/2015 2:48:52,"""@PaulaPedene: Trump Leads GOP, Carson Stays Strong, Rubio 3rd: Poll https://t.co/7dfIDd0Edn"""
230,230,6.60585665877e+17,10/31/2015 22:34:30,"""@hillx123: @realDonaldTrump #MakeAmericaGreatAgain https://t.co/NbiUrwMY37"" Leading big Nationwide in Reuters poll - great!"
231,231,6.60583102793e+17,10/31/2015 22:24:19,Thank you James Freeman of the @WSJ for the very nice words. All polls said I won the debate except NBC (3rd). Explain to Daniel Henninger!
232,232,6.60462589056e+17,10/31/2015 14:25:26,"""@Maxinerunner: @realDonaldTrump surges in Post-debate Poll! Trump puts US 1st and foremost  @BraveLad @TIMENOUT https://t.co/bTKoYjdPD0"""
233,233,6.60430666728e+17,10/31/2015 12:18:35,The new NBC POLL has me in first place but said I was third in the debate - I demand a recount (just kidding!). EVERY other poll had me #1.
234,234,6.60303227654e+17,10/31/2015 3:52:11,"""@JackDix03868724: Arizona polls for Democrats only say they would prefer Donald Trump over Hillary Clinton 60%"""
235,235,6.60295938431e+17,10/31/2015 3:23:14,"""@dblack15nc: @realDonaldTrump https://t.co/7IfJNe4XHn Republican is 28%; support for Carson is 23%.""  Poll used by @megynkelly last month"
236,236,6.60263502742e+17,10/31/2015 1:14:20,"""@Parker_Votes: Everyone under 10% in polls should DROP OUT and support TRUMP @realDonaldTrump https://t.co/zu1QL95XqQ""  Great idea!"
237,237,6.60176962477e+17,10/30/2015 19:30:28,"Donald Trump Leads Polls in Florida
  https://t.co/EhSFxH8N8U"
238,238,6.60136491176e+17,10/30/2015 16:49:38,Thank you @Morning_Joe for explaining to @CNN and @andersoncooper and so many others that I am leading in almost all national &amp; state polls.
239,239,6.59919160341e+17,10/30/2015 2:26:03,Loved doing the debate last night on @CNBC. Check out all of the polls! Everyone agrees that Harwood bombed!
240,240,6.59912445923e+17,10/30/2015 1:59:22,My interview on @ThisWeekABC with @GStephanopoulos had a 40%+ ratings increase over same Sunday last year. 20% over last week.
241,241,6.59751822375e+17,10/29/2015 15:21:06,CNBC poll: Trump won #GOPDebate #MakeAmericaGreatAgain #Trump2016 https://t.co/JEyniIGJPJ https://t.co/wEdauo3Drm
242,242,6.59741987894e+17,10/29/2015 14:42:01,"""@DRUDGE_REPORT: TRUMP WINS CNBC INSTANT POLL; RUBIO SECOND... DEVELOPING... https://t.co/6fnTksKipQ"""
243,243,6.59720309143e+17,10/29/2015 13:15:53,"""@eVDefuse: @realDonaldTrump they should just let you be president already, you're already leading in the polls."""
244,244,6.59683866337e+17,10/29/2015 10:51:04,"""@iStandWithUSA: 62% said that @realDonaldTrump won #GOP Debate Vote your stand: https://t.co/l3XVkWXIEP #USA #Election2016"
245,245,6.59683542981e+17,10/29/2015 10:49:47,"""@GravisMarketing: @OANN Gravis Marketing Poll @realDonaldTrump leading. https://t.co/5bPZOBhz4h""  Great!"
246,246,6.59631254787e+17,10/29/2015 7:22:01,"""@TaylorWrightAU: #Trump came out as a clear winner in the polls yet again! Next #GOPDebate we need max 5 candidates, too many on the stage!"
247,247,6.59615766678e+17,10/29/2015 6:20:28,"""@currentlyFeed: The #CNBCGOPDebate poll closed with #Trump2016 declared the official winner."
248,248,6.59615546771e+17,10/29/2015 6:19:36,"""@ngb6060: @realDonaldTrump showing why he should be our next President. Tremendous Debate. Winning all the post Debate polls."
249,249,6.5961011094e+17,10/29/2015 5:58:00,Drudge Poll on who won the 3rd #GOPDebate. Thank you! https://t.co/lCdolIJMsL
250,250,6.59608940201e+17,10/29/2015 5:53:20,Thank you Colorado! An honor to win @NBC @9News #GOPDebate Poll. https://t.co/rvnUQemej0
251,251,6.59572294697e+17,10/29/2015 3:27:43,The #CNBCGOPDebate poll closed with #Trump2016 declared the official winner. Thank you! https://t.co/3mFHLcSbwD https://t.co/ZPiXAR5rFC
252,252,6.59570405561e+17,10/29/2015 3:20:13,"Thanks everyone, they all said  I won the debate. Even won the @CNBC Poll!"
253,253,6.59511523875e+17,10/28/2015 23:26:15,"Via @MailOnline ""Trump still in the lead by a whopping 14 points after fluke survey had put Carson on top""-  https://t.co/tfaOARLoZb"
254,254,6.59462331035e+17,10/28/2015 20:10:46,@CNBC  POLL  TOTAL: TRUMP 25.22  CARSON 19.78  RUBIO 9.67....
255,255,6.59435111692e+17,10/28/2015 18:22:36,".@TheEconomist Poll, one of the most highly respected, was just released. Wow, wait until the media digests these numbers - won't be happy!"
256,256,6.59427188111e+17,10/28/2015 17:51:07,I'm sure the media will not report the highly respected new national poll that just came out via The Economist. 32%! https://t.co/aalSqnGHa3
257,257,6.59396011581e+17,10/28/2015 15:47:14,"""@cmrose111: @realDonaldTrump  @CNBC  get your polls straight. Trump is going to win. He is the only one tough enough to run this country."""
258,258,6.59395689949e+17,10/28/2015 15:45:58,"""@mozarttaig1: @CNBC is trying to drive down poll numbers to install Carson - who the Establishment GOP will promptly roll. Win Don Win!"""
259,259,6.5939224859e+17,10/28/2015 15:32:17,Does anybody think that @CNBC will get their fictitious  polling numbers corrected sometime prior to the start of the debate. Sad!
260,260,6.59384553023e+17,10/28/2015 15:01:42,".@CNBC continues to report fictious poll numbers. Number one, based on every statistic, is Trump (by a wide margin). They just can't say it!"
261,261,6.59350587503e+17,10/28/2015 12:46:44,"""@MarieLeff: Debate night! #TeamTrump16 is behind you 5000%  National Lead TRUMP 35.6% CARSON 21.7% https://t.co/KVgRDHlJH1"""
262,262,6.59207594151e+17,10/28/2015 3:18:32,"""@2bigj: @realDonaldTrump A lot of people I know are voting Trump in NC none have been polled your lead is bigger than anyone can imagine."""
263,263,6.59124101014e+17,10/27/2015 21:46:46,"Just out, wonderful poll in North Carolina. #Trump2016 
#MakeAmericaGreatAgain 
https://t.co/xdZGkdtNev"
264,264,6.59082604722e+17,10/27/2015 19:01:52,"""@Indies4Trump:  @HuffPostPol composite national poll #MakeAmericaGreatAgain #Trump2016 #TrumpTrain... https://t.co/VKDiYgpCEI"""
265,265,6.5908205372e+17,10/27/2015 18:59:41,"""@faagifts: @OANN WTG, GREAT JOB. U R THE BEST PICK OUT OF ALL OF THE CANDIDATES &amp; OHIO KNOWS THIS 2.THAT IS WHY U R LEADING THERE TOO"""
266,266,6.59073566257e+17,10/27/2015 18:25:57,National GOP Presidential Poll via @OANN @realDonaldTrump 35.6% #Trump2016 https://t.co/Mvcj1ZH3Ql
267,267,6.59040442005e+17,10/27/2015 16:14:20,"""Trump's National Lead Increases to 35.6% Going into the Third GOP Debate it's Trump, Carson and Rubio"" https://t.co/8SJazkQ3I1 ‚Ä¶"
268,268,6.59017613348e+17,10/27/2015 14:43:37,New Gravis national poll just out --- 36%! Very nice! #MakeAmericaGreatAgain
269,269,6.58977155532e+17,10/27/2015 12:02:51,"""@RhatPatriot: @FoxBusiness @realDonaldTrump   Why not post the other polls where Trump has 40 percent and Carson is in the teens? Strange?"""
270,270,6.58720992807e+17,10/26/2015 19:04:57,RT @FoxBusiness: New poll shows @realDonaldTrump and @RealBenCarson are tied atop the #GOP field in Iowa. https://t.co/syPMypwE0E
271,271,6.58435e+17,10/26/2015 0:06:43,"Leaving for New Hampshire now. Will be doing the @TODAYshow there, live at 7:00 A.M. New @CBSNews Poll of New Hampshire: Trump 38 Carson 12!"
272,272,6.58362790718e+17,10/25/2015 19:21:35,"""@curtismuddog:  @ByronYork Latest Poll shows Donald Trump winning 70% of Electoral Vote Against Hillary Clinton! https://t.co/OT98Y8f0GE"""
273,273,6.58362435393e+17,10/25/2015 19:20:11,"""@cospy8: @realDonaldTrump @ByronYork @CBSNews @CNN WAY ahead in all the polls that matter. TRUMP FOR PRESIDENT"""
274,274,6.5835146072e+17,10/25/2015 18:36:34,.@ByronYork  Great numbers from @CBSNews Poll. Also from ABC-Washington Post Poll. Thank you!  @CNN
275,275,6.58340627592e+17,10/25/2015 17:53:31,Do you believe that @FoxNews is still playing up the old Iowa poll numbers and no mention of the ABCWashington Post or just out CBS results?
276,276,6.58315069739e+17,10/25/2015 16:11:58,.@CBSNews Poll - WOW!  New Hampshire  TRUMP 38% CARSON 12% BUSH 8%  South Carolina TRUMP 40% CARSON 23% CRUZ 8% Iowa TRUMP 27% CARSON 27%
277,277,6.58289373994e+17,10/25/2015 14:29:51,"Watch my interview on @CBSNews Face The Nation now and, also, the new CBS POLLS which, if good for me, the media won't report!"
278,278,6.58277066287e+17,10/25/2015 13:40:57,Big poll comes out today on Face The Nation at 10:30 on @CBSNews.
279,279,6.58241163137e+17,10/25/2015 11:18:17,A big POLL will be announced this morning on @CBSNews  Face The Nation. I wonder if I do well if the press will report the results? Doubt it
280,280,6.58127605141e+17,10/25/2015 3:47:03,"""@aviv1818: Trumpachusetts: Donald Trump Tops Poll of Bay State Voters: https://t.co/VC6mogbdMt @foxnewspolitics AC360""  Thanks, great news"
281,281,6.58123832264e+17,10/25/2015 3:32:03,"""@christotepis: Donald Trump Leads in Expectations, Shows Strength on Attributes (POLL) - ABC News - https://t.co/5YvRmCqL6B via @ABC"""
282,282,6.57873715075e+17,10/24/2015 10:58:11,"""@santiagos58: YouGov National Poll  Donald Trump Continues To Dominate Field With All Demographics. The Last Refuge https://t.co/HrMActE2e6"
283,283,6.56842597479e+17,10/21/2015 14:40:53,RT @DiamondandSilk: A New Poll shows .@realDonaldTrump will most likely win the GOP Nomination.  @DiamondandSilk #stump4trumpbaby! https://‚Ä¶
284,284,6.56819122203e+17,10/21/2015 13:07:36,RT @johnrobertsFox: New @WashPostDC poll shows @realDonaldTrump with a commanding lead - 10 points above his closest competition @RealBenCa‚Ä¶
285,285,6.56818974454e+17,10/21/2015 13:07:01,"RT @johnrobertsFox: New @washingtonpost poll finds ""lean Republicans"" think @realDonaldTrump most likely to be GOP nominee and has best cha‚Ä¶"
286,286,6.567953609e+17,10/21/2015 11:33:11,"New poll by ABC News/Washington Post  TRUMP 32  CARSON 22  RUBIO 10  BUSH 7  Wow, how will the media put a negative spin on this one?"
287,287,6.5679038055e+17,10/21/2015 11:13:23,"""@dcexaminer: Rasmussen: @realDonaldTrump now beats @HillaryClinton 38%-36% nationally https://t.co/NuNulI0Voi https://t.co/1BAPAKad62"""
288,288,6.56782396265e+17,10/21/2015 10:41:40,I will be interviewed on @GMA Good Morning America at 7:00 A.M. @ABC will be announcing new poll numbers. MAKE AMERICA GREAT AGAIN!
289,289,6.56781160421e+17,10/21/2015 10:36:45,Just out: Boston Herald/Franklin Pierce Poll  N.H.  TRUMP 28 (up 10)  CARSON 16  BUSH 9  RUBIO 6  CRUZ 5  Press will say they are surging!
290,290,6.56678059098e+17,10/21/2015 3:47:04,"""@piersmorgan: Donald Trump still dominating all polls, debate, cable news, gossip...everything. The GOP nomination is his, he rarely loses!"
291,291,6.56662886958e+17,10/21/2015 2:46:47,I will be interviewed on @GMA Good Morning America tomorrow at 7:00 A.M. Big new ABC poll coming out - I hope I do well!
292,292,6.56627428094e+17,10/21/2015 0:25:53,"""@Portosj81J: @realDonaldTrump #Trump2016 #Trump hits his highest poll number yet; #Carson, #Rubio make small gains https://t.co/1f8dmS2Uza"
293,293,6.56626381775e+17,10/21/2015 0:21:43,".@KarlRove  Had my best day ever in the polls, one had me at 41% - Morning Consult. Boston Globe, Monmouth, NBC and CNN all great. More!"
294,294,6.56556069062e+17,10/20/2015 19:42:19,"""Donald Trump tops Franklin-Pierce/Herald poll at 28 percent in N.H.""  https://t.co/gXXJ4YhKIW"
295,295,6.56553742859e+17,10/20/2015 19:33:05,"Lots of great new polls--big leads!  https://t.co/Og4SN4eXbO
   
  https://t.co/xJaAWC9RgO
   
  https://t.co/8FyxYEna0h"
296,296,6.56302930535e+17,10/20/2015 2:56:26,"""@nickmichaels12: Since late July 2015, DJT consistently been the front-runner in public opinion polls for the Republican Party nomination."
297,297,6.56163473035e+17,10/19/2015 17:42:17,"NEW POLL: Trump Blue Collar Support highest since FDR in 1930s--WOW! 
http://t.co/fnRIXJWCVf"
298,298,6.55854090846e+17,10/18/2015 21:12:55,"""@RD_2008: @JebBush Quit Jeb Quit. Your poll is even lower than your apprentice Rubio. @realDonaldTrump"""
299,299,6.55724542775e+17,10/18/2015 12:38:08,"""@ClaytonMorris: Donald Trump is so far ahead in two key state polls.  http://t.co/AtdlgoZXzB http://t.co/b8SWhe6HTB""  Thanks Clayton"
300,300,6.55531244768e+17,10/17/2015 23:50:02,Good news for those that want to Make America Great Again - I am winning every poll in every STATE and NATIONAL - and by big numbers! Thanks
301,301,6.55413447179e+17,10/17/2015 16:01:57,Via Business Insider: Donald Trump's Poll Dominance in 2 Key States is Mind-Blowing- http://t.co/FqIApU6gVC
302,302,6.55133186725e+17,10/16/2015 21:28:18,A great new poll-33%! http://t.co/3EheiVyD5A
303,303,6.55004622173e+17,10/16/2015 12:57:25,.@scottienhughes  Keep up the great work Scottie. Polls are best ever!
304,304,6.5485002935e+17,10/16/2015 2:43:08,"""@Hohummm: Did you also hear Megyn say ""Carson is the front-runner ...according so some polls ..tied in other polls"" OUTRIGHT LIE!""  Hatred!"
305,305,6.54844831903e+17,10/16/2015 2:22:29,"Every poll, Time, Drudge, Slate and others, said I won both debates - but heard Megyn Kelly had her two puppets say bad stuff. I don't watch"
306,306,6.54839227613e+17,10/16/2015 2:00:12,"Megyn Kelly has two really dumb puppets, Chris Stirewalt &amp; Marc Threaten (a Bushy) who do exactly what she says. All polls say I won debates"
307,307,6.54368281693e+17,10/14/2015 18:48:50,CNN Poll just out on South Carolina ‚Äì great #‚Äôs http://t.co/E6do3oi10Z
308,308,6.54362011347e+17,10/14/2015 18:23:55,"CNN/ORC Poll results just out for Nevada‚ÄîWOW! Trump 38, Carson 22, Fiorina 8, Bush 6, Cruz 4
  http://t.co/X2Kv6qzPia"
309,309,6.54086271158e+17,10/14/2015 0:08:14,"Should be interesting but too bad the three guys at„Ää1% will be taking up so much time -  but who knows, maybe a star will be born (unlikely)"
310,310,6.53927034583e+17,10/13/2015 13:35:29,"Very honored: ""Trump Is Tops As Clinton Drops In Connecticut Primaries, Quinnipiac University Poll Finds""     
http://t.co/6d8WiLa8fB"
311,311,6.53858682808e+17,10/13/2015 9:03:52,"""@TopherCarlton: .@JebBush Sickening attempt. I hope .@realDonaldTrump jumps another 10 points. #WakeUpAmerica https://t.co/GT86RlB0t3"""
312,312,6.52926140148e+17,10/10/2015 19:18:17,"Via Breitbart - ""Riding High in Polls Donald Trump Storms the American South to Overflow Crowds in Georgia""
http://t.co/iLcaMZxc82"
313,313,6.52842996795e+17,10/10/2015 13:47:54,"I'm leading big in every poll and we are going to WIN! Remember, Trump NEVER gives up!"
314,314,6.52615418516e+17,10/9/2015 22:43:35,"Great Gravis Poll on the great state of NH. Also, watch @FaceTheNation on CBS &amp; @HowardKurtz #mediabuzz -- both on Sunday."
315,315,6.52583110862e+17,10/9/2015 20:35:12,"New Gravis Poll in NH just out:  Trump 32%, Carson 13%  http://t.co/mJcWOEijkv"
316,316,6.52567315864e+17,10/9/2015 19:32:26,"""@JBOD2001 @realDonaldTrump yeah, you're really wearing out your welcome.  Who's dominating the polls? YOU!!! Go Trump!"""
317,317,6.51907758443e+17,10/7/2015 23:51:36,"Just arrived in Las Vegas for a packed house speech tomorrow. Big poll results today, Leading big everywhere. MAKE AMERICA GREAT AGAIN!"
318,318,6.51841923671e+17,10/7/2015 19:29:59,Just found out I won the Rockingham County Republican Booth Straw Poll at the Deerfield Fair in New Hampshire this past weekend. 39% ---Wow!
319,319,6.5179390766e+17,10/7/2015 16:19:11,RT @TeamCavuto: .@realDonaldTrump is leading @RealBenCarson in new Quinnipiac poll @FoxBusiness http://t.co/OY8lDZ6tn5
320,320,6.51768813907e+17,10/7/2015 14:39:29,"Heading to a packed house in Waterloo, Iowa! Will celebrate today's great poll numbers together. See you soon!"
321,321,6.51595964705e+17,10/7/2015 3:12:38,"""@trumpgasm: NEW- 10/6/15 REUTERS IPSOS POLL DONALD TRUMP CONTINUES TO DOMINATE! OVER 37%!! http://t.co/qBsldeV4je http://t.co/GCtpS1WfeQ"""
322,322,6.51548141507e+17,10/7/2015 0:02:36,"""@darcy027027:  @GardiBates @ananavarro @CNN Just In! 10/6/15 Morning Poll Trump +18% Trump 31 Carson 13 Rubio 10 Bush 7 Fiorina 6"""
323,323,6.51359555529e+17,10/6/2015 11:33:14,"""@realbigstriper: @ChrisCuomo Pew poll: @realDonaldTrump holds commanding lead @CNNPolitics http://t.co/iw2vk9Wx9L"""
324,324,6.51200866046e+17,10/6/2015 1:02:39,"""@Knight276: @Writeonright @Real_Carl_Icahn @DanScavino @realDonaldTrump media is confused they bash trump he rises in polls!"""
325,325,6.5118418032e+17,10/5/2015 23:56:21,"""@WayneDupreeShow: HEADLINES: Donald Trump maintains huge lead on opponents as polls go #KeepingItReal http://t.co/AsRJp5AcmZ"""
326,326,6.5078629559e+17,10/4/2015 21:35:18,"I'm leading by big margins in every poll but the press keeps asking, would you ever get out? They are just troublemakers, I'm going to win!"
327,327,6.50132487277e+17,10/3/2015 2:17:18,"""@HowardKurtz: Trump's big lead in a new poll and whether Jeb's ""stuff happens"" was taken out of context with @megynkelly tonight"" Thanks H!"
328,328,6.50128482442e+17,10/3/2015 2:01:23,"""@valerieannt:  @DRUDGE_REPORT @JebBush Jeb you are falling in polls because conservatives feel that you cannot #MakeAmericaGreatAgain"""
329,329,6.50127555845e+17,10/3/2015 1:57:42,"""@TheNewsClub_US: RT  ""@MNMans: Polling Convergence - OAN/GRAVIS and Reuters‚Ä¶ http://t.co/3NXztsLOhx #RT #CNN #HBO http://t.co/zzKm8wUYqY"""
330,330,6.50125412728e+17,10/3/2015 1:49:11,"""@MNManstein2: Polling Convergence - OAN/GRAVIS and Reuters Show Donald Trump Surging With 34 - 35% Support... http://t.co/ckXH2JfBNt via"
331,331,6.501066318e+17,10/3/2015 0:34:34,"""@swterry91: Donald Trump Leads by 9 Points in Pew Poll ‚Äì Jeb Bush in Free Fall #tcot http://t.co/uyxre0ei92"""
332,332,6.49559203125e+17,10/1/2015 12:19:16,"""@JoyCardinShow: Latest @MULawPoll finds @ScottWalker at 37 percent approval, @realDonaldTrump leading GOP in #Wisconsin."
333,333,6.49316461426e+17,9/30/2015 20:14:42,"Interesting, polls on who won the GOP debate. http://t.co/iB6NGQsg5v"
334,334,6.49263405942e+17,9/30/2015 16:43:53,Great news! Just out--the highly respected USA Today/Suffolk University Poll. Enjoy! https://t.co/11pDloDTHV
335,335,6.48876007245e+17,9/29/2015 15:04:30,I hope when Rand Paul gets out of the race‚Äîhe is at 1%--his supporters come over to me. I will do a much better job for them.
336,336,6.48875968275e+17,9/29/2015 15:04:21,Prediction: Rand Paul has been driven out of the race by my statements about him-- he will announce soon. 1%!
337,337,6.48584020046e+17,9/28/2015 19:44:15,Zogby Poll: Trump Widens Lead After GOP Debate  http://t.co/YAZyKwVxNJ
338,338,6.4832422822e+17,9/28/2015 2:31:55,"""@SkyeShepard: Trump went way up in my 'poll' when he said he'd take money from what US is giving 2 other countries 2 save social security"""
339,339,6.47760665278e+17,9/26/2015 13:12:32,"Marco Rubio is a member of the Gang Of Eight or, very weak on stopping illegal immigration. Only changed when poll numbers crashed."
340,340,6.47593858697e+17,9/26/2015 2:09:42,An updated POLL tracker (with all polls thru the weekend) reveals I maintained a double digit lead at‚Ä¶ https://t.co/FGxhzluIJA
341,341,6.47506516682e+17,9/25/2015 20:22:38,RT @sethweathers: New Poll: @realDonaldTrump maintains huge lead (31%) in Georgia! #Trump2016 https://t.co/Jnam4uvKvA
342,342,6.47483602058e+17,9/25/2015 18:51:35,"Dishonest @politico just called to say that none of the polls including Fox, NBC, CNN, Zogby, &amp; Morning Consult matter. Serious haters."
343,343,6.47258073452e+17,9/25/2015 3:55:24,".@megynkelly, the @FoxNews   poll said very plainly I came in second in the debate. All others, Time, Drudge, Slate etc. said I came in 1st."
344,344,6.4716648988e+17,9/24/2015 21:51:29,"Wow, a really nice lead in New Hampshire--- an increase since my last poll! http://t.co/Cr0OOd5Loi"
345,345,6.47086428087e+17,9/24/2015 16:33:21,Bloomberg: Trump leads GOP field https://t.co/kWqWeRzIkl
346,346,6.47084014516e+17,9/24/2015 16:23:45,New Bloomberg Poll: Trump Leads Big http://t.co/Eu0rMDbUPW
347,347,6.46703645053e+17,9/23/2015 15:12:18,"Headline reads"" Rubio passes Bush in Florida poll"" -- Unfair, because Trump destroys them both! Trump 31.5%, Rubio 19.2%, Bush 11.3%"
348,348,6.46322732482e+17,9/22/2015 13:58:42,"Morning Consult poll: ""Trump Leads""  http://t.co/61LFN0pfSw"
349,349,6.46307934235e+17,9/22/2015 12:59:53,"2016 Republican Primary Morning Consult Poll was just released. TRUMP 32, CARSON 12, BUSH 11, FIORINA 6, RUBIO 5, CRUZ 5. Taken after debate"
350,350,6.46149427024e+17,9/22/2015 2:30:02,"""@seleti00: @realDonaldTrump @FoxNews They attack you more then CNN or MSNBC combined. Just a bunch of old Bush appointee Rhinos."""
351,351,6.46124199439e+17,9/22/2015 0:49:48,.@oreillyfactor was very negative to me in refusing to to post the great polls that came out today including NBC. @FoxNews not good for me!
352,352,6.46117841067e+17,9/22/2015 0:24:32,"""@alivelutheran: @TODAYshow touts CNN polls instead of their own!! Of course, the NBC one shows him much higher. Trump corrects them!"
353,353,6.46077507927e+17,9/21/2015 21:44:16,Via HuffPost Pollster #1 http://t.co/IXCbCtDUIp
354,354,6.46026694013e+17,9/21/2015 18:22:21,"""@JudgeMoroz  Zogby is respected in the business of polling ~ the media is attempting to silence the message @realDonaldTrump"""
355,355,6.45994430555e+17,9/21/2015 16:14:08,Has the media picked up the new Zogby poll that was just put out? I doubt it! http://t.co/YAZyKwVxNJ
356,356,6.45960551316e+17,9/21/2015 13:59:31,"New Zogby poll‚Äî highly respected‚Äî but the media won‚Äôt report it because it gives me an even bigger lead!
   
  http://t.co/YAZyKwVxNJ"
357,357,6.45940482112e+17,9/21/2015 12:39:46,"""@alivelutheran: @TODAYshow touts CNN polls instead of their own!! Of course, the NBC one shows him much higher. Trump corrects them!"
358,358,6.45937963877e+17,9/21/2015 12:29:46,"""@MNTwisterChaser: Thanks @SavannahGuthrie and @NBCNews for showing us how lopsided you are! Use your own poll! #trainwreck #Trump2016"
359,359,6.45937578395e+17,9/21/2015 12:28:14,The @TODAYshow refused to use their just in poll numbers where I have a massive lead but instead used @CNN numbers where my lead is smaller.
360,360,6.45763590982e+17,9/21/2015 0:56:52,"I am attracting the biggest crowds, by far, and the best poll numbers, also by far.   Much of the media is totally dishonest. So sad!"
361,361,6.45762321756e+17,9/21/2015 0:51:49,"I have been leading big in all  polls, with two more today, @nbc and @CNN. The NBC poll is more than double next,  at 29%. Fiorina has 11%."
362,362,6.45587580059e+17,9/20/2015 13:17:28,"I will be on @meetthepress at 10:30. @nbc will be releasing their new poll numbers. Based on the debate results, I should do well-who knows?"
363,363,6.45362872332e+17,9/19/2015 22:24:33,"RT @DanScavino: Check out the latest Morning Consult poll, released 9/17/2015. @realDonaldTrump remains #1 at 36%. #Trump2016 http://t.co/r‚Ä¶"
364,364,6.44932926355e+17,9/18/2015 17:56:06,"Wow, great post-debate poll: ""Trump Increases Lead"" via Breitbart  http://t.co/B3yJk2lJ8I"
365,365,6.44561043403e+17,9/17/2015 17:18:22,"Every poll done on debate last night, from Drudge to Newsmax to Time Magazine, had me winning in a landslide. #MakeAmericaGreatAgain!"
366,366,6.44356882174e+17,9/17/2015 3:47:06,#CNNDebate Winning the @drudge_report poll- http://t.co/fokcASBVuN
367,367,6.43846888388e+17,9/15/2015 18:00:34,The polls are really looking good‚Äî#1 everywhere despite all lobbyist &amp; special interest $ being spent against me. I‚Äôm turning down millions.
368,368,6.43056922309e+17,9/13/2015 13:41:32,"Why is someone like George Pataki, who did a terrible job as Governor of N.Y. and registers ZERO in the polls, allowed on the debate stage?"
369,369,6.42790262533e+17,9/12/2015 20:01:55,"Too many people on stage for debate. @RandPaul at 11th, with 2% in @RealClearNews, shouldn't be allowed to participate."
370,370,6.42557678679e+17,9/12/2015 4:37:43,"""@GinHay: Trump's polls are going to skyrocket after appearance on @jimmyfallon tonight. The young people are going to love him!"""
371,371,6.42324754188e+17,9/11/2015 13:12:09,"Oh wow, lightweight Governor @BobbyJindal, who is registered at less than 1 percent in the polls, just mocked my hair. So original!"
372,372,6.42319012249e+17,9/11/2015 12:49:20,Very good news‚Äîthe new Quinnipiac poll just came out‚ÄîI am #1 in Iowa.
373,373,6.42082978861e+17,9/10/2015 21:11:26,.... I only respond to people that register more than 1% in the polls. I never thought he had a chance and I‚Äôve been proven right.
374,374,6.41360526447e+17,9/8/2015 21:20:40,A great honor to receive polling numbers like these. Record setting African American (25%) &amp; Hispanic numbers (31%). http://t.co/p7d6RJeMTZ
375,375,6.4048680414e+17,9/6/2015 11:28:48,"""@PressTV: Poll: Trump beats Clinton head-to-head matchup http://t.co/ZRndXNN67K http://t.co/bkzQolegeo""  Thank you!"
376,376,6.40485528115e+17,9/6/2015 11:23:44,"If the presidential election were held today, according to this @surveyusa poll, Donald Trump would defeat any Dem: http://t.co/wmfHKnNSWm"""
377,377,6.39842884037e+17,9/4/2015 16:50:05,"Daily Caller: Trump Surpasses Field, Flirts With 40 Percent in Alabama Poll http://t.co/LzG5M8SmYC"
378,378,6.39257553915e+17,9/3/2015 2:04:12,".@brithume, I am in first place by a lot in all polls, tied for first place with Ben Carson in one Iowa poll. I thought you knew this-thanks"
379,379,6.39179925942e+17,9/2/2015 20:55:44,Tracking 149 polls from 29 pollsters nationwide/HuffPost Pollster #GOP http://t.co/slsvuxcEhF
380,380,6.39179575202e+17,9/2/2015 20:54:20,2016 GOP Nomination Polls have me as #1 as seen on @SpecialReport with @BretBaier. http://t.co/iZZg1N8Mwu
381,381,6.39021108302e+17,9/2/2015 10:24:39,Will be interviewed on @GMA this morning at 7:00. Thanks for the GREAT poll results!
382,382,6.38888918067e+17,9/2/2015 1:39:22,"""@RoniSeale: BIG LEADS FOR THE PEOPLE'S POTUS #2016GOPNOMINATION #TRUMP2016 #MAKEAMERICAGREATAGAI  http://t.co/it7papSmwv""   Great!"
383,383,6.38887827871e+17,9/2/2015 1:35:02,"Every Poll has me winning BIG.If you listen to dopey Karl Rove, a Trump hater, on @oreillyfactor, you would think I'm doing poorly. @FoxNews"
384,384,6.3874224199e+17,9/1/2015 15:56:32,Yet another weak hit by a candidate with a failing campaign. Will Jeb sink as low in the polls as the others who have gone after me?
385,385,6.38647394021e+17,9/1/2015 9:39:38,The just released Public Policy Polling (PPP - national result) is the best yet. MAKE AMERICA GREAT AGAIN!
386,386,6.38533114865e+17,9/1/2015 2:05:32,Just out - new PPP NATIONAL POLL has me in first place by a wide margin at 29%. I wonder why only @FoxNews has not reported this? Too bad!
387,387,6.38298477442e+17,8/31/2015 10:33:10,"Leading in the Bloomberg Iowa poll. Also, my favorability numbers went up at a record, almost unheard of, clip. Thank you Iowa!"
388,388,6.38297160992e+17,8/31/2015 10:27:56,Loved being with my many friends in Tennessee. The crowd and enthusiasm was fantastic. I won the straw poll big!
389,389,6.37829630859e+17,8/30/2015 3:30:08,"""@teapartynews: Trump Wins Tea Party Group's 'Nashville Straw Poll' - Newsmax http://t.co/tGJEeapJga""  GREAT, THANK YOU!"
390,390,6.37781658163e+17,8/30/2015 0:19:31,"Via @BreitbartNews ""TRUMP WINS NASHVILLE GRASSROOTS STRAW POLL WITH 52 PERCENT""- http://t.co/kmNU8IkI5Q"
391,391,6.37598518124e+17,8/29/2015 12:11:47,"""@joehos18: BOOM - Univision Reluctantly Reports Donald Trump Leading With Latino Republicans.... http://t.co/MmsebE0LPP via @thelastrefuge2"
392,392,6.37320363048e+17,8/28/2015 17:46:30,RT @_HankRearden: Trump breaks 40% in OAN / Gravis Marketing scientific poll. Leads closest competitor by 27%. @DanScavino #Trump2016 http:‚Ä¶
393,393,6.37271552066e+17,8/28/2015 14:32:32,Via CNN: Trump now leads in odds to win GOP nomination http://t.co/6ExyTO6BpJ
394,394,6.36397e+17,8/26/2015 4:38:46,"Will be interviewed on the @TODAYshow this morning at 7:00. Talking about politics, polls and whatever. Enjoy!"
395,395,6.36268706571e+17,8/25/2015 20:07:35,"Heading to Iowa to a packed house. Just released polls, all first place, are amazing. Thank you!"
396,396,6.36198425315e+17,8/25/2015 15:28:19,"RT @DanScavino: Breaking #News! Public Policy Polling, New Hampshire! @realDonaldTrump skyrocketsüöÄto 35%! #Trump2016 #SilentMajority http:/‚Ä¶"
397,397,6.36174308265e+17,8/25/2015 13:52:29,Another good poll result in the great state of SC. Trump at 30%. Carson at 15% and Bush at 9%.  http://t.co/FjQfdCrfdT
398,398,6.36173679094e+17,8/25/2015 13:49:59,Congrats @LindseyGrahamSC. You just got 4 points in your home state of SC‚Äîfar better than zero nationally. You‚Äôre only 26 pts behind me.
399,399,6.36158507319e+17,8/25/2015 12:49:42,".@GovernorPataki did a terrible job as Governor of New York. If he ran again, he would have lost in a landslide. He and Graham ZERO in polls"
400,400,6.35406457308e+17,8/23/2015 11:01:19,"New Reuters Poll just came out and has me at 32%, highest number yet.The silent majority is back and we will MAKE AMERICA GREAT AGAIN!"
401,401,6.34818865458e+17,8/21/2015 20:06:26,Dow dives more than 500 points - down 9% from high. Be careful!
402,402,6.34188984097e+17,8/20/2015 2:23:31,Another great poll result! Thank you! http://t.co/loMirPFLIZ
403,403,6.33745231583e+17,8/18/2015 21:00:12,"""@aduanebrown New CNN/ORC poll: @realdonaldtrump #1 w/ 24% -- favorability rating on the rise while Jeb's declines. 60% among women!!"""
404,404,6.33743394163e+17,8/18/2015 20:52:54,"""@ktumulty Polls indicate that a Trump presidency is now inevitable. #August"""
405,405,6.33648309203e+17,8/18/2015 14:35:04,"RT @Morning_Joe: Poll: @realDonaldTrump, @JebBush @RealBenCarson at the top
http://t.co/kYCuOdO00Z http://t.co/IpiFPtNByS"
406,406,6.3341786457e+17,8/17/2015 23:19:21,"RT @DanScavino: 2016 GOP Primary
HP tracking 139 polls | 28 pollsters. 
#1 Trump 24.1%
#2 Bush 10.7% 
#3 Carson 8.6%
#4 Rubio 6.8% http://t‚Ä¶"
407,407,6.33382545817e+17,8/17/2015 20:59:01,"RT @DanScavino: CNN Poll ‚Ä¢ Most Likely to Change Washington, DC. @realDonaldTrump 44%, Ben Carson 9%, Ted Cruz 8%, Carly Fiorina 7%. http:/‚Ä¶"
408,408,6.33299285972e+17,8/17/2015 15:28:10,The polls have been really amazing--we are all tired of incompetent politicians and bad deals! http://t.co/wZiNNsvZx2
409,409,6.32992291092e+17,8/16/2015 19:08:17,RT @DanScavino: 2016 GOP Nominee National Polls via Fox News released today. @realDonaldTrump #1 at 25% with #2 at 12% &amp; #3 at 10%. http://‚Ä¶
410,410,6.329506443e+17,8/16/2015 16:22:47,RT @MichaelCohen212: #fox national poll...@realDonaldTrump #Trump2016 leads by double digits. Let's bring #inspiration back to #MakeAmerica‚Ä¶
411,411,6.32237596069e+17,8/14/2015 17:09:23,RT @DanScavino: Great poll #news from #Alabama!! @realDonaldTrump #1 ‚Ä¢ with a lead 2x's higher than #2 Jeb Bush. #Trump2016üá∫üá∏ http://t.co/e‚Ä¶
412,412,6.31829124358e+17,8/13/2015 14:06:16,RT @CNNPolitics: CNN/ORC Poll: @realDonaldTrump tops in Iowa http://t.co/VjguyZpLkq http://t.co/ir05392LrW
413,413,6.31815785167e+17,8/13/2015 13:13:16,"RT @_Mastersof: @DanScavino @realDonaldTrump @TPM 
Echelon poll says Trump has 3x the support of rivals.
Trump: 29%
Carson: 10%
Fiorina/Rub‚Ä¶"
414,414,6.31594679621e+17,8/12/2015 22:34:40,"RT @DanScavino: #IOWA CNN/ORC Poll
@realDonaldTrump
Overall #1 @22% 
Economy #1 @ 37%
Immigration #1 @ 35%
Terrorism #1 @ 21% &amp; more! http:‚Ä¶"
415,415,6.3155725794e+17,8/12/2015 20:05:58,"RT @jeffzeleny: Our new @CNN Iowa poll shows @realDonaldTrump at 22%, followed by Carson 14%, Walker 9% and Bush is at 5%. #iacaucus"
416,416,6.31154478168e+17,8/11/2015 17:25:28,"RT @DanScavino: #IPSOS Poll Conducted for #Reuters. 
#GOP Debate &amp; 2016 Ballots 08/10/2015.
#MakeAmericaGreatAgain #Trump2016 http://t.co/u‚Ä¶"
417,417,6.30817346157e+17,8/10/2015 19:05:50,RT @CNBCnow: Donald Trump maintains support of 24% of Republican voters in new online Reuters/IPSOS poll with 6.7% margin of error; Bush tr‚Ä¶
418,418,6.29857877239e+17,8/8/2015 3:33:14,"""@katygolf: @Maxinerunner: Newsmax poll http://t.co/eA3gvLBri8 @realDonaldTrump: 65% @marklevinshow @RWSurferGirl"" @krauthammer  APOLOGIZE!"
419,419,6.29855068247e+17,8/8/2015 3:22:05,"""@katygolf: @Maxinerunner: Newsmax poll http://t.co/eA3gvLBri8 @realDonaldTrump: 65% @marklevinshow @RWSurferGirl""  Another debate win!"
420,420,6.29658731526e+17,8/7/2015 14:21:54,RT @DesignerDeb3: @realDonaldTrump BREAKS RECORDS in poll history--LARGEST share of support Quinnipiac recorded in 2 years http://t.co/Rk1W‚Ä¶
421,421,6.29627753424e+17,8/7/2015 12:18:48,"RT @DanScavino: #GOPDebate Winner!
Drudge 50% (187K) @realDonaldTrump 
TIME 46% (25K) @realDonaldTrump 
FOXSD 49% @realDonaldTrump http://t‚Ä¶"
422,422,6.29581720602e+17,8/7/2015 9:15:53,"@TIME poll: @realDonaldTrump winner of last night's debate by wide margin.. 45% v.12% @RealBenCarson, 10% @JohnKasich http://t.co/mzR62luvWq"
423,423,6.29577707828e+17,8/7/2015 8:59:57,"""@Domenclature: TIME POLL: @RealDonaldTrump wins the first #Republicanpresidentialdebate by Wild Margin http://t.co/mzR62luvWq #Politics"
424,424,6.29564889498e+17,8/7/2015 8:09:01,"""@Diplomt: @realDonaldTrump is in a greater position w/ 52% to 12% @Drudge_Report even after @MegynKelly &amp; @BretBaier tried to take him out."
425,425,6.29563335051e+17,8/7/2015 8:02:50,"""@Diplomtc_Immnty: @realDonaldTrump They tried to take you out &amp; your poll numbers skyrocketed. Voters matter, not @FOXNews moderators."
426,426,6.29556966835e+17,8/7/2015 7:37:32,.@FrankLuntz I won every poll of the debate tonight by massive margins @DRUDGE_REPORT &amp; @TIME  so where did you find that dumb panel.
427,427,6.2909391861e+17,8/6/2015 0:57:32,"""@HowardJax50:  @FrankLuntz NBC says Trump leads with HS grads or less...doesn't bother saying Trump leads with college grads, too"""
428,428,6.29083703206e+17,8/6/2015 0:16:57,"""@FrankLuntz: Trump is leading with almost every major group of Republican primary voters. http://t.co/fwIZR6XhYP"""
429,429,6.29035574876e+17,8/5/2015 21:05:42,"Poll: Trump Leads GOP Field Among Hispanics, Records 34% Favorability  http://t.co/AANybghvCv"
430,430,6.28735190929e+17,8/5/2015 1:12:05,"""@Mike_Beacham: Trump Leads, Jeb Slips, Rubio Crashes In WSJ/NBC News Poll http://t.co/ZR3PvOAARe #StraightTalk @SenTedCruz #ccot #tcot #2A"""
431,431,6.2866260773e+17,8/4/2015 20:23:40,RT @DanScavino: New Hampshire poll shows 43% say they feel @realDonaldTrump can BEST handle the #economy. #MakeAmericaGreatAgainüá∫üá∏ http://t‚Ä¶
432,432,6.28605174073e+17,8/4/2015 16:35:27,RT @JoeNBC: Today we spoke with Donald Trump about his rising leads in the polls and his strategy for Thursday's debate. VIDEO: http://t.co‚Ä¶
433,433,6.28547222654e+17,8/4/2015 12:45:10,RT @BrianCraigShow: #DonaldTrump takes massive lead in WSJ #NBC #poll twice the support of #JebBush http://t.co/5AjJJschQ2 @realDonaldTrump‚Ä¶
434,434,6.28546660286e+17,8/4/2015 12:42:56,RT @jerome_corsi: TRUMP SURGES - takes double digit lead in GOP presidential race @MichaelCohen212 @realDonaldTrump Jerome Corsi
435,435,6.28539746097e+17,8/4/2015 12:15:27,RT @DanScavino: Good Morning! Real Clear Politics Polling Data Average w/ addition of Bloomberg Poll. @realDonaldTrump #1. #Trump2016 http:‚Ä¶
436,436,6.28374231156e+17,8/4/2015 1:17:45,"""@_trump4potus: Trump continues to rise in the polls! The American People are speaking and speaking loudly. #2016election #Trump2016"""
437,437,6.28373570705e+17,8/4/2015 1:15:08,"""@RoniSeale: @foxandfriends Trump is surging, leading,&amp; breaking EVERY poll because #TrumpIsRight #GoTrump #MakeAmericaGreatAgain #Trump2016"
438,438,6.28372541531e+17,8/4/2015 1:11:03,"RT @foxandfriends: FOX NEWS POLL: New high for Donald Trump, new low for Hillary Clinton http://t.co/DMnxfZuRM9"
439,439,6.28372447608e+17,8/4/2015 1:10:40,RT @WSJ: New WSJ/NBC poll finds almost every GOP candidate losing ground except for Donald Trump. http://t.co/cBFhPJn68x
440,440,6.28344151311e+17,8/3/2015 23:18:14,"RT @DanScavino: FOX NEWS POLL RELEASED
#1. @realDonaldTrump ‚Ä¢ 26%
#2. Jeb Bush ‚Ä¢ 15%
#3. Scott Walker ‚Ä¢ 9%
#MakeAmericaGreatAgainüá∫üá∏ http://‚Ä¶"
441,441,6.28309250205e+17,8/3/2015 20:59:33,"RT @ThePatriot143: POLL: TRUMP CRUSHES BUSH AND WALKER COMBINED, FAVORABILITY ROCKETS TO 52% http://t.co/S1kaXfZEKQ http://t.co/z80x4UN1FJ"
442,442,6.28268408409e+17,8/3/2015 18:17:15,New Poll Shows Donald Trump Blowing Everyone Else Out of the Water. http://t.co/sAVTGaswcl
443,443,6.28255460467e+17,8/3/2015 17:25:48,RT @JonScottFNC: .@realDonaldTrump Surges in NBC News/WSJ Poll;GOP hopefuls to take center stage this week-Who makes top 10?@KarlRove http:‚Ä¶
444,444,6.28224939041e+17,8/3/2015 15:24:31,"RT @foxandfriends: Days before the first Republican Presidential debate, @realDonaldTrump surges to the lead among other GOP contenders htt‚Ä¶"
445,445,6.28115657432e+17,8/3/2015 8:10:17,"""@FoxNews: .@ericbolling: ""Polls show [@realDonaldTrump would] be the GOP nominee if the vote was held today."" http://t.co/OOtx0Rqwjs"""
446,446,6.28044625963e+17,8/3/2015 3:28:01,"""@CoachZachCooper:  Congratulations on leading the polls currently and for acquiring the Center Stage Position In The Upcoming Debates!"""
447,447,6.2752691417e+17,8/1/2015 17:10:49,"RT @FoxNews: .@ericbolling: ""Polls show [@realDonaldTrump would] be the GOP nominee if the vote was held today."" http://t.co/eXMnTvrtWD"
